id,items
1,ADGHIJLOQRSTXYZ
2,ACFGHIJLNOQSVWXY
3,BSXHYIJO
4,CFJKLNOPRSWYZ
5,QSFWYMO
6,ASTYZO
7,QSYO
8,ACFGHIJKLMOQSUY
9,BRSUVXYMO
10,CEFKLMNOPSWYZ
11,ASTDEWGYIZJO
12,SYO
13,CEGHIKLNOQRSTWY
14,SWYMNO
15,BCDFIKLMNOSUWYZ
16,ADEIJLMORSTWXYZ
17,PSWXYKO
18,CDEFGNORSTWXY
19,QRSCFGWYINO
20,SDVHYLMO
21,SYNO
22,ABCDFLOPQRSVWXY
23,BSYNO
24,DFGHILNORSTXYZ
25,SVYO
26,PQSTFWYIZMNO
27,ASTDEYLMNO
28,SDEVYNO
29,PSWXYKNO
30,SCHYNO
31,SYO
32,SGHXYKO
33,SYILNO
34,BSYZO
35,PQSDEFGYZJMO
36,QSCTDEWYIKLO
37,SCDWYIKO
38,ARSDUFWYIZO
39,PSUGYO
40,PQSTVFYLMO
41,STEYO
42,SCEHYMO
43,QRSCDUXYLNO
44,PASUYZO
45,QSTXYJKNO
46,PQSDVGHYJKNO
47,RSWYZKLO
48,SYO
49,QSFYKMO
50,PSDYO
51,SYMO
52,CFHIMORSTUVXY
53,STDGXHYZJKMO
54,PSHYZKO
55,SEWXYMO
56,RSYZO
57,STWYO
58,SCYKMO
59,QSTDUFWYZJO
60,BSVGWYZJNO
61,PQBSCVWYJZNO
62,QSWYKO
63,PARSCDTUVYO
64,PQRBSCEYIJNO
65,SYIJO
66,BDEFGIKMNOPQRSTUY
67,SXYO
68,SFYO
69,PSEYKO
70,RSCGXYO
71,SYO
72,GHIJKMNOQSVWYZ
73,RSVYILO
74,PBSTUWYO
75,BCHIJLMNOPQSTUWXY
76,SYKO
77,STEYMO
78,PASCTFYIKO
79,ABCEHIKOPSVXY
80,STYINO
81,PSDEXHYZJKMO
82,BSDYZO
83,STGHYO
84,AQSCEFYIJNO
85,BDFGHMOQRSUVY
86,ABSDTGWXYIZO
87,BDFGIJNOQSVXYZ
88,PQSTXYKMO
89,ABCEFILMOQRSUXYZ
90,BSDYIZKO
91,QRSFYMO
92,PABSDTEFHYMO
93,ASDUFVWHXYJO
94,ABCEFGIJKLNOPQSTXY
95,RSCDUYJO
96,BDEINOPRSVWXYZ
97,EHJLOQSTUVWXY
98,ACDEFGIJLMORSTWY
99,PRSCEHYKMO
100,QSCYO
101,BEGJOPQSTUWXY
102,SYJO
103,SCVYIO
104,ARSDFWGYJZMO
105,SXYO
106,PSFHYLO
107,CDEGHIMNOQRSTY
108,ABEJKLOQSUXYZ
109,ABDHIJLNORSVXYZ
110,STEUFWYMO
111,PBSDEFGYZJNO
112,FGIJMNOPRSTUVY
113,PQABSYILMO
114,SYIZJLO
115,ACDEIJLORSVWXY
116,QARBSYJMNO
117,STEFVYIMNO
118,EFGIJKLOQRSTUY
119,BSFVHYJKLMO
120,PASHXYMO
121,BCDHJKLMNOQSUVXYZ
122,SHYLMO
123,ABSDUEGYJZLO
124,PRSDTWXYJKNO
125,SCFYZO
126,SYO
127,BCDEGHKLMOPRSTUY
128,ARSTDEHYZJMO
129,EGHJKLOPQSUVWYZ
130,SEFXYNO
131,SWXYLO
132,ASTEWHYJLMO
133,PRSCTEVFGYMO
134,ABSUEHYO
135,SCYO
136,PRSDEVWXYLO
137,BSFWYNO
138,BSFYO
139,PSDEFGYIJO
140,SCYJZO
141,PRSDEVWYJLO
142,FJLMOPRSTUVXY
143,ABCGHJLNOPSTVWY
144,PBSGXYO
145,ACDEFKLOQSTUWXYZ
146,BSUVGHXYJO
147,BCEFHIMNOPQSY
148,RSUFGWYIJKLO
149,QSDEVWXYINO
150,PSFYO
151,SDFGYO
152,PBSDEVGWHYO
153,ABCFKMOQSUWXY
154,BSYJNO
155,RSWHYJO
156,SWYO
157,SYO
158,QSEFWYIJMNO
159,BCDEJLMNORSTUWY
160,DEFJKLOPRSTYZ
161,QBSCTDVWHYO
162,EFHIJKMOSTWXY
163,BCEGHIKLOPQRSWXY
164,BCEFGNOPRSTVY
165,SYKO
166,DEHJLNOQRSTUVY
167,QSWYO
168,SDGXYIZKO
169,BSDTWYZLO
170,BSTDEFGYJO
171,PABSUYZO
172,ABDGHIJNOQSWYZ
173,SEYKNO
174,ASDUVFXYO
175,QSTVYZO
176,AFGJKNORSVWYZ
177,PARSTUEGYZLO
178,SYO
179,SCVFYJO
180,ASXYKO
181,SGYO
182,RBSCUHYZKLO
183,SYNO
184,ACDGHILNOPRSY
185,PARSUFYZLO
186,ACDEHLOSTUVYZ
187,BCDEGILMNOSTUVY
188,RBSTDWHXYZLO
189,PSEHYJLO
190,SYO
191,BCDEJOQRSUXYZ
192,PARSCEVHYO
193,PBSFVYZLO
194,ABCGIKNOSUWYZ
195,PQSCWXYJO
196,SHYMO
197,RBSCEFVXYLNO
198,BSTVGYJO
199,ABSDUWYJKLNO
200,RSYZJLNO
201,RSDUFHYIKNO
202,SFYIZO
203,RSVFYJKLO
204,SDEFVGXYNO
205,ABEGHKLMNOQSUWY
206,ASTYO
207,RBSTDEUHYJMO
208,BSEVFXYILO
209,PAQBRSHYZKNO
210,STDUVWGYZKO
211,PQSEVYZJO
212,SVHXYJKMO
213,BCDFGILMNOPQSVY
214,ASDUGYIZO
215,STVGYLNO
216,SVHYO
217,SVYO
218,ABCGLNOQSTVWXY
219,BEFGIJKNOPSTYZ
220,RSCDEWHXYO
221,ASUWYJO
222,ASCTUGWXYLMO
223,STVHYZO
224,SYO
225,PBSDUEHYIJMO
226,ABDEFGHJKMOPRSTUYZ
227,SYO
228,BSUHYNO
229,RSVFGHXYJZO
230,SYO
231,PRSCVFYZKO
232,CDFGHIKMOQSVWY
233,AEFGHJLOSVWYZ
234,QASCTUWGYIMO
235,ASCUGHYIZLO
236,BSTDEYO
237,BSCTUXYJNO
238,ABSCUEYZLNO
239,SEWYZNO
240,AEGHIJKNOQSXYZ
241,BSCUWYMO
242,AEGHJKLNOPSTVY
243,PRSVHYO
244,ASFGYINO
245,QSDUVFGXYIMO
246,STVYZO
247,PBRSYJNO
248,PSUWYIJKLMO
249,ACHJKMOPSUVXY
250,QSFXYIJNO
251,BDFIJKMOQSUVXYZ
252,ACEFGHLNOPQSWXYZ
253,QSYLO
254,PSTGYO
255,ABSTVXYJLMO
256,BCEHJNOSUVWYZ
257,PQBSVXYJMNO
258,FHJLNOPQRSUVXY
259,PABRSUGWXYO
260,SYO
261,QSTXYLO
262,SYO
263,BCKLMOPQSTUXYZ
264,SCDWYMO
265,RSCWXYO
266,SCDUEGYJZLMO
267,ADFJLMORSUWXY
268,ASDUFWXYNO
269,BSUHYINO
270,QBSYILO
271,SCYO
272,PSFVWHYJZNO
273,RSCDWHYIJKLO
274,SUVYJKO
275,DEHILMNOPSVWYZ
276,SCWYO
277,SYIMO
278,BSTYMO
279,SYO
280,SXYO
281,PSYLNO
282,BCEGILOPRSTUVWXY
283,ACDEFKLOPQRSUY
284,SYO
285,BSCDUEGWXYO
286,CDFJLNORSTUWYZ
287,QSEFGHYO
288,ARSEFHYNO
289,ASYKNO
290,QBSUEFWYZMO
291,ACFIKLMORSTVY
292,STFYZNO
293,BSYO
294,QSCEVWHYO
295,QBSCVXYKMO
296,ARSTUFYIJKMO
297,SCDUVGHYO
298,QSYIZO
299,PARSCUHYO
300,SCTWXYKO
301,BSCDEGXYILO
302,QSCYIJMO
303,PSCEFVGXYLO
304,AQSDYIO
305,ASCDYNO
306,SUGHYO
307,RSCEYZLMNO
308,PBSXYJNO
309,QSTEUYILMO
310,ACDHJMNOSUWXYZ
311,SYO
312,SGYLO
313,CDEHIJMOQRSWXYZ
314,BFGIJLMOPQSTY
315,ACFGIJKNORSTYZ
316,SGYO
317,ARSVFWYMO
318,FGHLNOQSTVXYZ
319,SYIJKO
320,BFJKMNORSTVWXY
321,BSUFHYIJZMO
322,SUVGYZKLMO
323,BSDEVXHYZJO
324,PABSYZMO
325,SFYO
326,ACEGHILMOSTVY
327,BCFKNOQSTUWYZ
328,SCTUFGHYIKMO
329,ABSYZO
330,PSFGWYZKO
331,BSCTDEUWHYJO
332,EFHIKNOPRSTXY
333,STUVFWHXYMNO
334,SEYO
335,PQSFWXYILNO
336,SCYNO
337,CEGHJKLORSUXYZ
338,SFWYZKMO
339,PASCDEHXYMO
340,BSCUEYMO
341,SYLO
342,BSCTDEUYIMO
343,PSTEUVGXYLO
344,QSCUYINO
345,STYO
346,QSUFGXYIMO
347,AGHILMNOSTVXY
348,QSDWHYJKMO
349,ASFGHYIZJNO
350,BFGIJMNOPSTUWXYZ
351,BSYO
352,ABSUGHYZO
353,BFHIJKORSUVWY
354,PRSTUFVYKLNO
355,ACIJLMOPQRSTWY
356,DEFGHJKMNOPRSY
357,ABEFKLMOPQRSTWY
358,ASYO
359,AQRSHYNO
360,RSYNO
361,PASCUHYJO
362,BFHIJORSTVWXY
363,BEFIKNOPRSTWXY
364,RSYZO
365,DEFGHJKOQRSVWXYZ
366,RSCUVFWYO
367,BCDHIKLMNOQRSVYZ
368,PSYO
369,PSUYIJO
370,QSYLO
371,AQBSDWXYKNO
372,ABEFGHJKLMOSTXY
373,ASTUFYJZKNO
374,PARSCEGWYIMO
375,CDEFGHIOQSTYZ
376,PSTUVHYIZLO
377,BCDEFIJMORSTWY
378,SCEWYIZKMO
379,ACDEFGHJKNOPQSTVWYZ
380,SDGYLO
381,QBSCTEWYZMNO
382,FHIKLMNOQSWXY
383,ACHJNOQRSUVXY
384,SYO
385,QSEFGYKLMO
386,BDEGHKOSTWXYZ
387,QBSXYMO
388,PBSTEUWYJKMO
389,RSEGYIZKMNO
390,BDGIJMNORSUVXYZ
391,SYMO
392,QASTFVGHYLMO
393,ABSDEHYZLMO
394,CILMOPQSTUWYZ
395,SUYZO
396,SFYMNO
397,DEFHKLMNOQSYZ
398,PBSTDEHXYLO
399,SVFHYO
400,BDFHIJMOPRSTYZ
401,ABEGHJKLMOQTWZ
402,PADTFGHXZMN
403,PARUHIKLM
404,AEHMN
405,ACEFHJLMNPQRSUVXY
406,ABCDEGHKLMOUVWX
407,ABCHYJKM
408,AQRCEHXYLMNO
409,ABUVHXMN
410,ABCEGHJKLMSXZ
411,AQCDTGHJM
412,AHXZLMN
413,ARDGWHILMO
414,ABGHIKMNPQRSZ
415,ABSEGWHYLM
416,PAHM
417,AQDWHXIM
418,AQCDVHXIJKM
419,AEGHIJLMNQSVYZ
420,ARBCTGHIJZMN
421,PAQRTEFHZLMO
422,AHM
423,PARTUHM
424,ADHJLMOPRSTVX
425,ACFHJKMORSUVY
426,AHXIM
427,ABCDUGHIZMO
428,AQCGHXZJLM
429,ACDEHJKMOPQRTUW
430,PAQCSVHXZKM
431,PAVHM
432,AQRBSTDUHLMN
433,ADFGHIJKMNQRVWXYZ
434,ACDTUVFWGHXM
435,ACDEGHKMNOPTUY
436,PACUHXM
437,PABSVGHXZJLM
438,ABDHIKMOQSTXY
439,ABDVGHYKM
440,AQHIM
441,AQEWGHIYLMO
442,AHIMNO
443,PABCDEWHYJMO
444,ADTGHIKMO
445,PATWHYILM
446,AGHIJMQRSTUVXY
447,ABTVWHXIJZM
448,AUHM
449,ACDEFGHJMNQRVXY
450,ABRTUGHZKM
451,AEFGHIMNPQSUVY
452,ADGHIKMNPRVXY
453,AHM
454,PABSUWHZM
455,PABHM
456,ACDTFHXLMO
457,ABDGHJMORSVWXZ
458,ARBVWHIYZKMO
459,AUHYLMO
460,AHM
461,AWHM
462,AQBHM
463,ACUHYKM
464,ACFHIJZKM
465,ARBCVHXZKMNO
466,PASDHXKMN
467,ACDGHIMPQSTUYZ
468,PATHZJM
469,ABEHMNOPQSTUW
470,AQEFGWHJMO
471,AHM
472,AHXMN
473,ADFGHLMOQSUVWYZ
474,ARTEFVHXJKM
475,AQBCUFGHXIMN
476,PABCTDEVWHM
477,ASDEFWGHXM
478,PABRUHXYZLM
479,ABCDEHMOPQRTUWX
480,AUVHXJZMN
481,AQBCVWHYZKMN
482,ACEFHJKMOPRSTVXYZ
483,ACEFHJKMNOPTU
484,ABCFHJKLMOPXZ
485,AQTEVWHMO
486,ARCUVHLMO
487,AQDFVHIZM
488,ACDHJKLMOPSTXY
489,ARUVHKMN
490,ACHLMN
491,AHM
492,AQCTEFHIKMO
493,ABCDEFGHIKMRTX
494,AQBUFVHIMN
495,PARCTHYZMO
496,AGHIJLMOQRSTUVWXY
497,ACGHIKLMORSWY
498,AEUHJZM
499,ABRDVGHJM
500,ACDHKLMTUVWXZ
501,AGHJKLMPRUVWX
502,ABDEHIJLMNOVWX
503,ABCVWHYJLMO
504,ATFWHJLM
505,ARSWHXJM
506,AREFHXM
507,ABEFHKMOPQTWXYZ
508,ADEHLMPQRSVWYZ
509,ACSGHYJZKLM
510,ARSUFVWHMO
511,ASCVWHIZJKM
512,AQRCGHIM
513,ACDEFGHIJMNOQSWZ
514,AQRUEWHLMNO
515,ACSTVGHKLMO
516,PAQRCFHXYZM
517,AHZMN
518,ABCDHIJLMNPQSXZ
519,ARUHJM
520,AQRBDUHMN
521,AQBCTEHIYMO
522,AQBHIZKMN
523,ACTUFGHKLMO
524,ARSTEFGHLM
525,ABEHIJM
526,PABTEHYZKM
527,ABGHJMOPQRUVWYZ
528,PABTFHYZKMO
529,ATEHXYZM
530,ATDEHYKM
531,ACHM
532,ABTEHM
533,AHM
534,ABEFGHIJMOQWXYZ
535,ACEHJKMNPRSVWX
536,ADHM
537,AQBRSEFWHIZM
538,AQSHJZMO
539,AQFVHIKM
540,ATUFGHZM
541,PAQDEHM
542,ACDEHJLMNOPQW
543,ABEFHIJKMQTWY
544,ARDTUVHIKLM
545,AFHYMO
546,PACEVHYZKLMO
547,AREHJKLMO
548,PABRCSDEVHKM
549,AHM
550,PARDUFWHZJM
551,AQBCHJLM
552,AQRDTEGWHKM
553,ABDEFGHMORUVZ
554,ADEGHIJMNPQTVYZ
555,ACGWHXM
556,PAFHYM
557,AHM
558,AQRSDTEHXMN
559,ABCEGHIJKMNQRUVWY
560,PARBDUHKLM
561,AHM
562,AQRSCTEUFHMO
563,ACDEHMNOPRUXYZ
564,AQCSUVHXMO
565,ABRUFHXLM
566,AHM
567,PAQEVGHIZMNO
568,PABSVWHZKLMN
569,AHYKM
570,ABHLMN
571,ABFVHXIKLM
572,ASDFHXJM
573,ABCGHKMPQRUVZ
574,AFVGWHLM
575,ABEFHKMPRSTUVWXYZ
576,ABHIM
577,PACTHM
578,ABRDVHZKMNO
579,ACDHIKLMORTVXZ
580,AQCTEHLM
581,PAQBGHXZLM
582,AVHXM
583,AHM
584,ARTUVHM
585,ASHIMO
586,ABCDEGHIJKLMOQT
587,ASWHKM
588,ABDEGHIMOPQTWXY
589,AHM
590,ARCTHZJMN
591,AHZM
592,ASFVHYIJMNO
593,ABDHIJMNOQSUVX
594,ACDEHJLMPTUVWX
595,AQDHZLM
596,ACTHZM
597,ACHM
598,ACEWHM
599,ABCDHIKMNOPSTW
600,ARCUVHIKLM
601,PARCTGHYLM
602,ABUVWHXIJKMO
603,ABRHXM
604,ARSDTFVHXYLM
605,PACSVHJM
606,ADEFGHJKMNOPSVWXY
607,AQBHXKM
608,AHM
609,PAQDEGHIJKLM
610,ABDHKLMNOPRTUVXYZ
611,AHIJKLMNOPQRSUW
612,ABRSHXM
613,ABCDEHKMNRSUWY
614,ARBCGHXYJMNO
615,PAUFWHJZKMO
616,AQSHM
617,ABCDHIJMORUVXY
618,AHM
619,AHM
620,ARCDUHXJZKMO
621,ABDVHIZJMN
622,AQSTDEVGHKLM
623,AEFHM
624,PAHM
625,ABCDEFGHILMOPTUVWX
626,AQRHKM
627,AQVWGHILM
628,AQTEFWHXIM
629,AREFHXJM
630,ACDEFGHIJMNOQUWXZ
631,ASDEFHXJKLMN
632,AHIJM
633,ADTUHJKMN
634,AHM
635,AHM
636,PASCEVHYMO
637,ARTFHZLMN
638,ACTEHYIM
639,AHKM
640,ABFHXKMN
641,AEFGHLMNOSVXY
642,ABCFGHJLMNPVYZ
643,PATEFWHJZLM
644,ADHIJLMNRUVWYZ
645,PACTFHXZKMNO
646,PASCUVGHJMNO
647,AHXYM
648,ACDFGHIJLMORTY
649,AQUWHXYZM
650,ARTUHLM
651,AQSUEGWHXZMN
652,AHZM
653,AHM
654,PASTEHM
655,ADEFHKLMOSUVWY
656,ARBGHIYKLM
657,ASVWHXJZKMNO
658,ADHMNO
659,ADEGHKLMNOUVWXZ
660,AEFGHIKMNPRUVX
661,AQHJM
662,AHM
663,PAQDVHYM
664,ABGHIJLMNPQSUWXY
665,AFHKMO
666,ABCTDFHXIZM
667,PAVWHZMNO
668,ABCEHKLMQSUVWXY
669,ASFHXJM
670,ARCVFWHZMNO
671,ABDFHJKMN
672,PARTEGHXZM
673,PAQRFGHXJMN
674,ASDEGWHLM
675,PARSDGHZLMO
676,AQRSVHIJZLMN
677,ABEGHIJMNSTXY
678,AFHM
679,ARBEVHIYZM
680,AQRTDWHXM
681,AQRCUHZKM
682,ARHM
683,ATUHM
684,PARVHMN
685,ADEHJKLMPQWXYZ
686,ACFGHKLMNOPRY
687,PABSHYKLMO
688,ACEGHKMOQRSTUVXZ
689,ABEHIJLMPQRSTWX
690,AQFHYM
691,ABFGHJKMNOPQTV
692,ARVGWHXMO
693,PACSEUVWHILM
694,ABTFWHXYKMNO
695,ABCHIKMNORSUWX
696,ABCDGHIJKMQTW
697,ABDUEVGHILM
698,ABTUVHIZKLMO
699,ACEFWHXZM
700,PAQEUFWHYJLM
701,ASG
702,TEKO
703,CDEFGIJNOPRSTV
704,QDEFVGWXHYO
705,PQRSFILMO
706,EH
707,PQBTGK
708,RSTVFIJKL
709,PBRUEGHYM
710,UVW
711,ABCWXIYLO
712,CV
713,HY
714,CDEFGLNOPQRSUX
715,EVGHZN
716,ABRCVWXJLN
717,CFGHKLOPSTUVW
718,EWXO
719,SXYKM
720,BCDEFGHKOQRVWYZ
721,ABCDEHIKMOPRWY
722,BCDEILNQRTUWY
723,PTDEVWGJKM
724,BUYJL
725,FG
726,ABCDFHLMQUWXY
727,AQUGHZJLM
728,PQSCDTXIJKN
729,SUEIJO
730,QSDTHIYJKL
731,DFGHIJKMNQUVWXZ
732,QRO
733,QCSUEFXZ
734,QACDWH
735,QATEVLO
736,BTDVGIJKMN
737,QVGY
738,PBSCEGHZN
739,BDEFHYJKNO
740,PASTUVXJLNO
741,RUHINO
742,ABCEFHIKLMNPRSTUX
743,QFG
744,CEFGKLPQSTVWX
745,PRBEVGYKL
746,PQUFGYK
747,PBCUJKLMO
748,BCEGILMORSTUVXY
749,QWGZM
750,CFGHIJKMNPRSWY
751,RY
752,BCEFWX
753,BSGIZJMNO
754,UVXZK
755,ABCDGJKLOPRTWX
756,PRTUWHIYLMN
757,BGHLN
758,CEGIJKMQSTUWXY
759,EFGXJLO
760,RVXZLMO
761,PARCDUWJNO
762,TUGXYIJLMN
763,PBSTDEVWKMNO
764,FGKM
765,SXN
766,CDTVXJKLMNO
767,RSCTDUYM
768,EXYN
769,RBTFWYJKMNO
770,CSDEFHKL
771,RSTDUFW
772,BWLM
773,IMO
774,CGIJKLNORTVWZ
775,CTGM
776,CVWHXYIZJN
777,BUVFHXYILN
778,PCTUVL
779,PQBVFGWXIZN
780,PQRCTEVWHNO
781,CDFGHILQRSUVWX
782,CDEGXHILMN
783,TWJL
784,FGYN
785,HYK
786,BFWXJKMO
787,PBSTFXY
788,QSTEVFWGXY
789,PCTDFVYZKNO
790,TDFGIJMN
791,UWJ
792,TFY
793,QRBTEFW
794,BCFHJNPRUWXYZ
795,PARBSDEVIM
796,RSCUVXIJNO
797,ABDFMPQRSTWXY
798,BRDEUFVGIZJK
799,KO
800,BCEFIJKMQSTUWY
801,TEGZ
802,QSTEHXYZN
803,QFGWL
804,RVGHM
805,QTFXJKLNO
806,RCTEGHYIZKLN
807,PQSZJKN
808,PQUGXHYN
809,WHMN
810,BCFX
811,QRBVWYK
812,BCTWGHXLMNO
813,QRSDFGHK
814,PBRFHIMO
815,ADEFKLMNOPQTUVY
816,BSFNO
817,ACSTDEFWJK
818,PQARDFWI
819,BFHIKLMNRSTXY
820,DEFGHKLMNRTWX
821,ASTDUVGIKNO
822,TFX
823,TEWIZO
824,RTEUFWGHIJ
825,RYL
826,CTD
827,XZKL
828,QSTUVHYN
829,DEFGJKLMOQRTXZ
830,QSTFGYIMNO
831,AEGHJKLMNPQRSVX
832,PQTEFHIJMO
833,RDTVWKLM
834,SEVWGZKLN
835,QARCEGIJZO
836,ABCIJKMNOPQSVW
837,QARCSEUVFWYO
838,EUVGWHXYK
839,PRCDUVHYINO
840,QDYZ
841,BRHJLMO
842,ACEGILMNORTUVWY
843,PELN
844,QCDEUWGXM
845,CTUJLMN
846,BRSVWHIYMO
847,PQBEUVHYLMO
848,DEFGHIJNOPQRSXZ
849,FY
850,QBCFGIJKL
851,RUV
852,EWY
853,CDEFGJLPSUVWY
854,FY
855,QDMN
856,CG
857,EKO
858,BGXO
859,ASUK
860,ADFHMNQRSTUVWY
861,EF
862,CGXZKL
863,CEHILMNORSVWY
864,QREUG
865,RBTDEUVWXKLN
866,ABTEG
867,PATUFHYJZLN
868,PBSCEFVWXIJM
869,TJ
870,PQSTEWXIJKLO
871,PQBUFKL
872,L
873,UGJ
874,BSI
875,EXLM
876,BDEFGJPQRSUXY
877,CTGIKLMO
878,EFM
879,BFGHINOPRTUVW
880,PQCEWHIZKL
881,CSTXZ
882,PCDUFWGXINO
883,QCSUWGYL
884,RBSVWHI
885,ABDGIJNRTVWYZ
886,PQBRCTVWJKMN
887,PSEFWXHJKLM
888,QSDEVGNO
889,ARCTVFGWJKL
890,QRCDUWYJM
891,CUEVWHYJZKO
892,ABSDTEUVGINO
893,PQRSWXHIJKM
894,PM
895,SEWHK
896,PQSTJKNO
897,LM
898,RSCTFGX
899,PARSEWHXKN
900,EFGHMO
901,BCDILMNPQRUVWXY
902,GO
903,QRCSTDYIMN
904,PBTVIYJM
905,QUFGWXHIKLN
906,PRSFWIKLN
907,ABH
908,ARBEFWGXYIJO
909,K
910,TFX
911,CTVWL
912,DGLM
913,X
914,QBRCSTEXIJMN
915,ABCDFGHJNQTVWY
916,DGHIJKLQTUWXZ
917,ABRCDVFWJLMO
918,ABDHJLPQRTUVWX
919,QCSTUEIYZNO
920,PQBCDVGWXHZM
921,BCDGHNOQTVWXZ
922,ALN
923,DTJ
924,UFIYLMO
925,WHY
926,SUEGXIJN
927,DUFGYJN
928,ABSCDUEFWJN
929,CUFN
930,ABRSTEVFGWYM
931,CDEWI
932,QCDTUFYILMNO
933,XYM
934,QBWXZ
935,QBXJO
936,PQABCSUEFKLN
937,PEVJN
938,QSTFJMN
939,ABSDUFVGHKLM
940,SUO
941,RUJK
942,BEFIKLNOPRSTUVX
943,DF
944,W
945,QDUVXJZLMO
946,XIK
947,QCEGXINO
948,QRBCSVWGYM
949,PQCWHY
950,BCTUEVYINO
951,PABTUEGIYMO
952,C
953,JM
954,ATDFGWHIL
955,BCTEGXIZLO
956,ACSDFGYK
957,TF
958,BJN
959,QCTUWGI
960,ZO
961,RDEG
962,PRJMN
963,CHKO
964,K
965,ADEFGYLMN
966,CDGHIJKORUVWY
967,RCSEHYJLN
968,BDGJKLMNOPQTUVW
969,RBCDTUXYIO
970,RTUVWHYZJL
971,QBCTEUFGIJKO
972,QBRUFWHYJ
973,PRBDTGYIMO
974,RSFGXHYINO
975,TEVLMO
976,ABCDEFGLQRTUZ
977,AJ
978,TVXJ
979,CDTFVGHXYJO
980,QUVILMO
981,BRSCUVFHYN
982,AEILNOPQSUVXY
983,PRDEWHXIJMNO
984,PRTEFVXIJLMN
985,PQABSDWXIYKN
986,ARBSEJKN
987,PREVWM
988,PQDEGXL
989,PBSUGY
990,BCDEFGHKNQUVXY
991,BCEFHJKLNOQTXY
992,PSCDGXHYK
993,PQCSTEUVWJLO
994,CUG
995,QSGXHIMN
996,RCDUFIYJLN
997,PQBCTEVHXIMN
998,ADGHJMNOPRTWY
999,QRDEVZJKN
1000,PRSTDEFYKM
